chrom	start	end	log2	cn	genes_overlapping
chr1	10000	372707	0.539095	3	DDX11L2,DDX11L1,MIR6859-1,MIR1302-2HG,MIR1302-2,FAM138A,OR4G4P,ENSG00000290826,OR4G11P,ENSG00000239945,ENSG00000268903,ENSG00000269981,ENSG00000239906,RNU6-1100P,ENSG00000241599,DDX11L17,WASH9P,MIR6859-2,ENSG00000228463,ENSG00000286448,RPL23AP24,WASH7P,OR4F5,ENSG00000241860,ENSG00000236601,ENSG00000238009,CICP27,ENSG00000292994,ENSG00000290385
chr1	372707	621017	-0.605736	1	WBP1LP7,OR4F29,ENSG00000237094,CICP7,U6,ENSG00000250575,ENSG00000235146,ENSG00000290385,ENSG00000293331
chr1	831195	971314	0.583962	3	ENSG00000288531,TUBB8P11,ENSG00000283040,ENSG00000272438,ENSG00000230699,ENSG00000241180,KLHL17,LINC01128,FAM41C,SAMD11,NOC2L,PLEKHN1,LINC02593
chr1	1256555	1306598	0.475648	3	SCNN1D,MIR6726,UBE2J2,LINC01786,ACAP3
chr1	2647734	2761287	1.81878	8	TTC34
chr1	9704990	9744983	0.574652	3	CLSTN1,PIK3CD
chr1	13189373	13224371	-0.837293	1	PRAMEF13,PRAMEF18
chr1	13224371	13249369	0.76185	4	PRAMEF18,PRAMEF31P
chr1	16504180	16949147	0.910671	4	RNU1-1,ENSG00000224174,LINC01783,RNU1-6P,PDE4DIPP8,ENSG00000271732,ENSG00000283773,RNU1-3,ENSG00000280114,EIF1AXP1,ENSG00000290849,ENSG00000279151,ENSG00000293526,RNU1-4,CROCCP4,ENSG00000223643,MIR3675,RNU1-5P,ENSG00000238142,ENSG00000235241,RNU1-2,ENSG00000272426,ENSG00000290122,NBPF1,ENSG00000291072,ENSG00000282143,ESPNP,ENSG00000282740,ENSG00000290850,ENSG00000290851,MST1L,PDE4DIPP9,ENSG00000228549,ENSG00000261135,ENSG00000285853,CROCCP2,MST1P2,CROCC
chr1	109681775	109701774	-0.826606	1	ENSG00000260246,GSTM2,GSTM1
chr1	120011509	120081507	-0.312196	1	ENSG00000273406,NOTCH2
chr1	120206504	121741465	-0.586224	1	7SK,ENSG00000223804,U1,PFN1P2,U2,ENSG00000287979,RNVU1-19,PPIAL4A,RNVU1-4,ENSG00000290903,ENSG00000285215,PDE4DIPP4,ENSG00000275296,H2BP1,H3P4,RPL22P6,ENSG00000275129,ENSG00000272583,LINC01691,ENSG00000274642,ENSG00000290999,NOTCH2NLR,NBPF26,ENSG00000281741,FCGR1BP,ENSG00000233029,ENSG00000227193,FAM72B,LINC02798,EMBP1,ENSG00000290569,NBPF8,LINC00623,ENSG00000234998,SRGAP2C,SRGAP2-AS1,ENSG00000228826,MTIF2P1,PDE4DIPP2
chr1	122516705	144144579	1.19066	5	ENSG00000276118,ENSG00000277702,RNA5SP533,ENSG00000264145,NKAIN1P1,ENSG00000223495,LINC02799,PFN1P12,RNU1-114P,RNVU1-17,RNVU1-23,RNVU1-18,FAM91A3P,ENSG00000270962,LINC02591,RNU1-143P,ENSG00000237503,FCGR1CP,H2BP2,RPL22P5,ENSG00000289318,IGKV1OR1-1,ENSG00000277095,KMT2CP3,ENSG00000203825,NBPF17P,ENSG00000232721,ENSG00000223779,PDE4DIPP3,ENSG00000290735,H3-7,FAM72C,ENSG00000230186,SRGAP2D
chr1	149229537	149329537	-0.310976	1	ENSG00000272755,7SK,ENSG00000274265,ENSG00000291233,ENSG00000215861
chr1	228608364	228648360	2.48196	12	RNA5S1,RNA5S2,RNA5S3,RNA5S4,RNA5S5,RNA5S6,RNA5S7,RNA5S8,RNA5S9,RNA5S10,RNA5S11,RNA5S12,RNA5S13,RNA5S14,RNA5S15,RNA5S16,RNA5S17,RNA5SP18
chr10	38484907	38836517	0.419285	3	ABCD1P2,ENSG00000277133,PABPC1P12,ACTR3BP5,ENSG00000227679,ENSG00000233832,CHEK2P5,SLC9B1P3
chr11	59045245	59085246	0.579959	3	GLYATL1P4,ENSG00000255240
chr11	61200326	61240328	0.400629	3	PGA4,ENSG00000256220,PGA3
chr11	89747848	89787847	-1.2683	0	UBTFL2,ENSG00000254971,ENSG00000255170,TRIM64DP,ENSG00000290492,ANKRD33BP7,ENSG00000204456
chr12	10000	59990	0.635115	3	DDX11L8,FAM138D,WASH8P
chr12	34159411	34719407	0.562934	3	ENSG00000256986,TUBB8P4,RNA5SP357,DUX4L27,AK6P1,ENSG00000255628,LINC02963
chr13	16230140	18558105	1.67137	7	ENSG00000279924,ENSG00000279081,ENSG00000284679,KMT5AP1,U6,BNIP3P7,GGT4P,IGSF3P1,ENSG00000279231,ENSG00000290438,ENSG00000268486,LINC00349,FAM230C,ZNF962P
chr13	57138033	57173033	1.84897	8	PRR20A,PRR20B,PRR20D,PRR20E,PRR20C
chr13	57173033	57213033	-0.808704	1	PRR20FP,MTCO2P3
chr14	16022637	16086625	-0.483841	1	5_8S_rRNA
chr14	16094833	18707652	0.325485	3	ENSG00000215398,ENSG00000290354,RNU6-458P,BNIP3P6,ENSG00000257721,ENSG00000257825,OR11H12,ENSG00000257672,ARHGAP42P5,LINC02297,ENSG00000257175,ENSG00000258364,ENSG00000257731,ENSG00000258076,ENSG00000257558,RPL22P20,ENSG00000257635,ENSG00000257224,ENSG00000257171,ENSG00000257959,ENSG00000258367,ENSG00000257644
chr15	18355126	20689304	0.82658	4	ENSG00000215567,RNU6-978P,ENSG00000258463,ENSG00000274347,IGHV1OR15-9,SLC20A1P3,IGHV1OR15-2,IGHV3OR15-7,IGHD5OR15-5A,IGHD4OR15-4A,IGHD3OR15-3A,IGHD2OR15-2A,IGHD1OR15-1A,FAM30B,ENSG00000259769,BCAR1P1,RN7SL584P,ENSG00000278935,BMS1P15,CHEK2P2,ENSG00000258488,GOLGA6L6,MPHOSPH10P4,GOLGA8CP,RN7SL759P,ENSG00000258707,IGHV1OR15-6,ENSG00000278626,ENSG00000290326,ENSG00000258410,RHPN2P1,ENSG00000258654,SPATA31E2P,NBEAP1,ENSG00000279628,ENSG00000287122,HERC2P3
chr15	21043895	21302248	0.764754	4	BCAR1P2,RN7SL400P,ENSG00000260986,BMS1P16,NBEAP4,ENSG00000237161,ENSG00000259025,ENSG00000279595,ENSG00000247765,LINC01193
chr15	22218290	23366871	0.254989	3	MIR1268A,ENSG00000259098,ENSG00000274835,ENSG00000273679,SPATA31E3P,RN7SL545P,MPHOSPH10P9,HERC2P7,ENSG00000291261,RN7SL495P,GOLGA8IP,ENSG00000277435,ENSG00000283273,ENSG00000277867,ENSG00000290368,ENSG00000277755,MPHOSPH10P5,RN7SL106P,ABCB10P1,ENSG00000278541,MIR4509-1,ENSG00000278552,ENSG00000259414,ENSG00000274471,MPHOSPH10P6,RN7SL536P,ENSG00000291002,GOLGA8EP,GOLGA6L22,PDCD6IPP1,ENSG00000274253,ENSG00000259425,ENSG00000291163,NIPA2,TUBGCP5,ELMO2P1,ENSG00000290335,GOLGA6L1,GOLGA8DP,GOLGA8S,ENSG00000258732,HERC2P2,ENSG00000291003,WHAMMP3,ENSG00000290399,NIPA1,CYFIP1,GOLGA6L26
chr15	28321724	28711712	0.228096	3	HERC2P1,ENSG00000261561,GOLGA6L24,MPHOSPH10P7,GOLGA8F,RN7SL238P,ABCB10P3,ENSG00000276928,ENSG00000274532,MIR4509-2,ENSG00000284628,ENSG00000260159,ENSG00000261365,MIR4509-3,ENSG00000274814,Metazoa_SRP,ENSG00000261041,ENSG00000260444,HERC2P11,ENSG00000254398,RN7SL719P,ABCB10P4,GOLGA8G,GOLGA6L25,ENSG00000291259,HERC2P9,GOLGA8M,HERC2
chr15	30161669	30491660	0.234609	3	ENSG00000259993,RNU6-17P,ENSG00000270955,ENSG00000279417,Y_RNA,ENSG00000289455,ENSG00000263070,U8,ENSG00000274966,RN7SL196P,ENSG00000271333,ENSG00000270055,ENSG00000259906,LINC02249,CHRFAM7A,ENSG00000289397,LINC02256,WHAMMP4,ENSG00000290876,GOLGA8R
chr15	82440120	82520117	0.716873	4	UBE2Q2P6,ENSG00000290946,ENSG00000278603,ENSG00000290949,CSPG4P10,ENSG00000290947,ENSG00000290948,GOLGA2P10,GOLGA6L17P
chr15	101936186	101981189	0.833416	4	OR4G6P,FAM138E,ENSG00000259553,MIR1302-10,MIR6859-3,DDX11L16,DDX11L9,ENSG00000290823,WASH3P
chr16	14911201	15031211	0.476886	3	ENSG00000258354,MIR3180-1,Y_RNA,ENSG00000290391,MIR6511A1,MIR6770-1,ENSG00000273804,ENSG00000261819,MIR1972-1,ENSG00000275910,PKD1P3,NPIPA1,PDXDC1
chr16	21406111	21586088	0.693456	3	MIR3680-1,SLC7A5P2,ENSG00000271609,ENSG00000290192,NPIPB3,ENSG00000287809,ENSG00000273956,ENSG00000257639,ENSG00000291073,SMG1P3
chr16	21731069	22700944	0.304217	3	ENSG00000260306,ENSG00000276721,ABCA3P1,ENSG00000290675,ENSG00000274460,ENSG00000260395,ENSG00000275445,ENSG00000287739,ENSG00000261113,ENSG00000260635,CDR2-DT,RRN3P3,ENSG00000277041,ENSG00000260973,LINC02890,ENSG00000291066,RRN3P1,NPIPB4,ENSG00000290674,UQCRC2,PDZD9,ENSG00000260277,SDR42E2,POLR3E,ENSG00000286808,MFSD13B,ENSG00000291060,SMG1P1,NPIPB5,OTOAP1,OTOA,SMG1P4,ENSG00000291262,VWA3A,EEF2K,CDR2,MOSMO
chr16	29435080	29535067	0.74574	4	BOLA2-SMG1P6,ENSG00000260335,BOLA2,SLX1B,SULT1A4,ENSG00000290678,ENSG00000258150,ENSG00000279228,ENSG00000290679,ENSG00000257691,PLA2G10HP,SMG1P6,SLX1B-SULT1A4,SMG1P2,ENSG00000288632,NPIPB12
chr16	30189983	30289970	0.859723	4	BOLA2B,SULT1A3,ENSG00000290692,ENSG00000258130,ENSG00000278887,ENSG00000290693,ENSG00000261444,PLA2G10JP,SLX1A,SLX1A-SULT1A3,NPIPB13,SMG1P5,ENSG00000291047
chr16	32079740	32149731	0.508699	3	ENSG00000261727,ENSG00000260584,ENSG00000293243,ENSG00000286473,ENSG00000291276
chr16	32359704	32719658	-0.495724	1	ACTR3BP3,ENSG00000260662,ABCD1P3,ENSG00000261111,ENSG00000293291,ENSG00000261263,ENSG00000260311,TP53TG3,ENSG00000260974,ENSG00000261391,CHEK2P7,ENSG00000260866,PABPC1P13,ENSG00000261541,ENSG00000289734,FAM153DP,ENSG00000262187,ENSG00000261569
chr16	33164601	33487513	-0.892443	1	TP53TG3C,ENSG00000260827,TP53TG3E,ENSG00000282973,TP53TG3B,ENSG00000261009,ENSG00000283110,TP53TG3F,ENSG00000282927,ENSG00000260419,ENSG00000261507
chr16	33487513	34279306	0.238689	3	ENSG00000262090,ENSG00000260626,ENSG00000261200,ENSG00000261466,ENSG00000290420,ENSG00000290414,BMS1P8,ENPP7P13,ENSG00000260308,IGHV3OR16-12,ENSG00000261153,IGHV3OR16-13,IGHV3OR16-17,ENSG00000270924,ENSG00000271691,ENSG00000260312,IGHV3OR16-11,ENSG00000260525,ENSG00000290419,IGHV3OR16-7,ENSG00000261607,IGHV3OR16-16,ENSG00000205452,ENSG00000270401,BCAP31P1,ENSG00000259990,ENSG00000283065,ENSG00000261197,ENSG00000262561,DUX4L45,PCMTD1P2,DUX4L46,DUX4L47,LINC00273,RNA5-8SP2,BCLAF1P2,CHEK2P6,ENSG00000259882,ENSG00000291264,ENSG00000282924,ARHGAP23P1,ENSG00000198555
chr16	34279306	34521510	-1.02457	1	ENSG00000288300,ENSG00000286968,CCNYL1B
chr16	34959793	35069843	-0.917273	1	ENSG00000179755,ENSG00000261566,ENSG00000262885,ENSG00000287353,LINC02184,CCNYL3,CLUHP11
chr17	60000	114744	-0.918108	1	U6,LINC02887,ENSG00000280136
chr17	114744	129674	1.20454	5	ENSG00000280136
chr17	18440891	18510890	0.5172	3	ENSG00000290657,KRT16P1,KRT16P4,ENSG00000227919,ENSG00000267492,TNPO1P2,NOS2P2,ENSG00000293139,ENSG00000290658,LGALS9C
chr17	21290856	21450854	0.417263	3	PDLIM1P2,MAP2K3,KCNJ12,ENSG00000287671,LINC02693
chr17	21645851	21992061	0.930547	4	ENSG00000264617,ENSG00000274748,KCNJ18,ENSG00000283566
chr17	36236245	36396249	0.490036	3	ENSG00000278395,Y_RNA,TBC1D3G,TBC1D3H,TBC1D3I,ENSG00000261499
chr17	37941293	38196300	0.40374	3	TBC1D3L,Y_RNA,TBC1D3E,RNA5SP526,TBC1D3C,NPEPPSP1,TBC1D3,TBC1D3D
chr17	43231444	43301446	1.18056	5	RNU2-1,U2,CCDC200
chr17	46086525	46291531	0.538193	3	KANSL1-AS1,Y_RNA,MAPK8IP1P1,ENSG00000262539,ENSG00000291018,ARL17B,ENSG00000289729,ENSG00000261575,KANSL1
chr17	46291531	46486537	-0.324196	1	RN7SL656P,ARL17B,LRRC37A,NSFP1
chr2	89530679	89853764	1.19822	5	ENSG00000283196,5S_rRNA,ENSG00000283214,IGKV2D-40,ENSG00000283427,ENSG00000290846,KMT2CP4,ENSG00000283659
chr2	90257841	92083097	0.700847	4	ENSG00000275490,IGKV1OR2-118,ENSG00000265897,ENSG00000281904,ENSG00000230964,ENSG00000261600,RNA5SP100,NKAIN1P2,KMT5AP2,GGT8P,IGKV1OR2-1,ABCD1P5,ENSG00000237085,PABPC1P6,ACTR3BP2,ENSG00000235147,IGKV1OR2-2,LSP1P4,DRD5P1,ENSG00000290565,KMT2CP5,ENSG00000286698,SLC9B1P2,ENSG00000290575,CHEK2P3,LSP1P5,ENSG00000278131,IGSF3P2
chr2	130004397	130544393	-0.276647	1	ENSG00000291278,KLF2P1,CYP4F27P,ENSG00000228471,POTEF-AS1,RNU6-1049P,MED15P9,CCDC74B,TUBA3E,RHOQP3,NOC2LP1,ENSG00000293150,ENSG00000234398,MED15P5,MTND1P29,MTND2P22,MTCO1P7,MTCO2P7,MTATP6P7,MTCO3P7,MTND3P15,ENSG00000284171,MTND4P27,MTND5P29,MTND6P8,MTCYBP8,RPL19P4,TEKT4P3,ENSG00000224352,CCDC115,IMP4,ENSG00000290596,FAR2P2,KLF2P2,CYP4F62P,RNU6-473P,ENSG00000225819,Metazoa_SRP,CFC1B,ARHGAP42P2,ENSG00000286058,FAR2P1,POTEF,MZT2B,ENSG00000227632,PTPN18,ENSG00000290599,POTEI,ENSG00000225341,SMPD4,PRSS40B,ENSG00000286026,ENSG00000290591
chr2	130544393	130659393	0.332177	3	ENSG00000232408,Metazoa_SRP,RNU6-848P,PRSS40A,CFC1,POTEJ,PRSS40B
chr2	179199063	179219063	-0.742705	1	SESTD1
chr20	26009234	26069235	-0.903496	1	ENSG00000231081,ENSG00000287569,ENSG00000204556,FAM182A
chr20	26069235	28650565	0.357133	3	BSNDP3,NCOR1P1,ENSG00000230440,ENSG00000238129,MIR663A,ENSG00000287211,FRG1CP,FAM182A,ENSG00000291100,MIR663AHG
chr20	29011418	29126474	1.03933	5	FRG1DP
chr20	29201511	31206605	0.515633	3	5_8S_rRNA,DUX4L32,PCMTD1P7,DUX4L33,DUX4L34,FRG2EP,RARRES2P11,AGGF1P10,DUX4L35,Y_RNA,CFTRP2,CDC27P3,RNA5SP532,DUX4L37,CFTRP3,LINC01597,ENSG00000286483,MLLT10P1,ZNF285DP,U6,RNA5SP528,FAM242B,ENSG00000287288,FAM242A,FRG1BP,ENSG00000290900,FRG1EP,ENSG00000290901,ANKRD20A21P
chr21	5010000	5166246	-1.03284	1	ENSG00000289905,ENSG00000279493,ENSG00000277117,ENSG00000279687,ENSG00000280071,ENSG00000275464,ENSG00000280433
chr21	5216246	5449012	0.924562	4	ENSG00000279669
chr21	5499012	6337042	-0.866919	1	LINC01670,Y_RNA,ENSG00000279186,ENSG00000279784,ENSG00000279064,ENSG00000274559,ENSG00000280013,ENSG00000280179,ENSG00000288187,ENSG00000279709,ENSG00000274333,ENSG00000280191,ENSG00000275993,ENSG00000275496,ENSG00000280019,ENSG00000278903
chr21	6337042	6377258	0.783606	4	Y_RNA,ENSG00000278903
chr21	6427258	6580181	-0.974212	1	ENSG00000274276,ENSG00000275895,ENSG00000276076
chr21	6630181	6654931	0.303718	3	ENSG00000280145
chr21	6654931	7229143	-0.936871	1	ENSG00000279788,ENSG00000279728,ENSG00000280164,hsa-mir-8069-1,ENSG00000279751,ENSG00000279477,ENSG00000278884,Y_RNA,CTBP2P10,ENSG00000279303,ENSG00000280145,ENSG00000278878,ENSG00000279998,ENSG00000280172,ENSG00000280018,ENSG00000277067
chr21	7377865	7865746	-0.869933	1	ENSG00000279647,Y_RNA,CTBP2P9,ENSG00000277991,ENSG00000277277,ENSG00000278961,ENSG00000276289,ENSG00000279895,ENSG00000276077,ENSG00000273590
chr21	8099839	8200546	-0.579321	1	ENSG00000279967,ENSG00000278996
chr21	8200546	8250900	5.66749	102	MIR6724-1,ENSG00000275664,MIR3648-1,ENSG00000277437,ENSG00000280800,RNA5-8SN2,ENSG00000286155,ENSG00000286252,ENSG00000286057,ENSG00000286012,MIR6724-2,ENSG00000277671,ENSG00000278996
chr21	8310971	8386622	-0.544962	1	ENSG00000280441
chr21	8386622	8472360	5.81619	113	MIR6724-3,ENSG00000274868,ENSG00000280614,RNA5-8SN3,ENSG00000286267,ENSG00000286146,ENSG00000286054,ENSG00000286178,MIR6724-4,ENSG00000278775,RNA5-8SN1,ENSG00000286149,ENSG00000286032,ENSG00000286091,ENSG00000286148,ENSG00000281181,ENSG00000280441
chr21	8522360	8681802	-3.00679	0	RPSAP68,ENSG00000279615
chr21	8681802	9076382	0.845112	4	ENSG00000279167,LINC01666,SNX18P10,MTCO1P1,MIR3648-2,ENSG00000264063,CDRT15P9,ENSG00000280436,TEKT4P2,ENSG00000278931,ENSG00000279501,ENSG00000286033
chr21	9076382	9196087	-0.404555	1	SOWAHCP2,ENSG00000279381,TEKT4P2
chr21	9246087	13040812	1.20037	5	SNX18P12,NCOR1P4,ENSG00000279211,U1,LINC01667,ENSG00000279783,RN7SL52P,SNORA70,ENSG00000279321,ENSG00000270533,ENSG00000280372,CDRT15P8,EIF3FP1,VN1R7P,ENSG00000278106,CYCSP41,SLC25A15P4,ENSG00000276556,ENSG00000278932,ENSG00000279208,ENSG00000293062,ENSG00000286103,ENSG00000279851,ENSG00000277693,TPTE,IGHV1OR21-1,ENSG00000229306,ENSG00000290568,ANKRD30BP2,ENSG00000293037,ENSG00000290523,BAGE2,ENSG00000273840
chr21	13040812	13175819	-2.01412	0	RNU6-614P,BNIP3P43,ENSG00000290568,ANKRD30BP2,ZNF355P
chr22	10709740	10784643	2.19718	10	U2
chr22	10924572	11068987	1.94491	8	ENSG00000279973,FRG1FP
chr22	11118987	11271697	-0.658659	1	5_8S_rRNA,ACTR3BP7
chr22	11428056	11497337	-0.635793	1	ZNF73P
chr22	11547337	11843920	0.824027	4	ENSG00000290397
chr22	11843920	12146374	-0.643722	1	ENSG00000290397,ENSG00000286406
chr22	12146374	15164321	0.859183	4	FRG1GP
chr22	15759508	15879546	0.375984	3	ENSG00000271127,BMS1P22,ENSG00000272872,TOMM40P2,PSLNR,DUXAP8,ENSG00000290415,NBEAP3
chr22	16364013	16399015	-0.490614	1	ABCD1P4
chr22	16399015	16459018	0.62291	3	ENSG00000226160,PABPC1P9,SLC9B1P4
chr22	42504032	42559030	0.914121	4	SERHL,RRP7A,SERHL2,RRP7BP
chr4	10000	69972	1.6077	7	BNIP3P41,ENSG00000292991,ZNF595
chr4	8951903	9157552	0.549796	3	OR7E111FP,VPS51P7,ENSG00000284636,ENSG00000271057,ENSG00000251313,SNRPCP16,ENSG00000287972,UNC93B8,ENPP7P10,FAM86KP,ENSG00000288075
chr4	9157552	9212726	-4.95421	0	ALG1L14P,USP17L10,FAM86KP,ENSG00000288075,FAM90A26
chr4	9212726	9452923	0.97816	4	USP17L11,USP17L12,USP17L13,USP17L14P,USP17L15,USP17L17,USP17L18,USP17L19,USP17L20,USP17L21,USP17L22,USP17L23,USP17L24,USP17L25,USP17L26,USP17L5,USP17L27,USP17L28,USP17L29,USP17L9P,USP17L30,USP17L6P,DEFB108F,RNA5SP153,DEFB130D,DEFB131A,USP17L16P,ENSG00000219492,ENSG00000288075
chr4	49091955	49336924	2.12518	9	ENSG00000249828,ENSG00000249079,ENSG00000280043,ENSG00000237961,MTCO3P39,MTND3P22,SNX18P23
chr4	190098120	190204555	1.9022	8	RPL23AP84,ENSG00000282994,DUX4
chr5	17515547	17600548	2.84827	15	TAF11L3,TAF11L4,TAF11L5,TAF11L6,TAF11L7,ENSG00000250088,TAF11L8,TAF11L9,TAF11L10,ENSG00000248422
chr5	21475595	21500595	1.79417	7	ENSG00000233974,GUSBP1
chr5	69539339	69604338	-0.314594	1	OCLN,GTF2H2C
chr5	69654337	69889331	-0.413813	1	ENSG00000290560,GUSBP3,GUSBP13
chr5	69889331	69919330	0.850125	4	ENSG00000251158,GUSBP13
chr5	181273243	181433255	-0.75187	1	ENSG00000286310,ENSG00000248103,ENSG00000274525,RNU6-705P,CICP15,SEPTIN14P5,OR4F3,WBP1LP4,ENSG00000238035,ENSG00000291218
chr6	60000	379993	0.414617	3	WBP1LP12,OR4F1P,ENSG00000293023,SEPTIN14P6,ANKRD18FP,ENSG00000285578,ENSG00000205653,ENSG00000287265,LINC03066,DUSP22
chr7	62261472	62311551	0.315948	3	ENSG00000233918
chr7	65781739	65826739	0.796753	4	RNU6-912P,GTF2IP5
chr7	73101651	73211650	0.211181	3	PMS2P6,PHB1P5,GTF2IP4,SPDYE10
chr7	100946317	101006316	0.925326	4	ENSG00000274993,MUC3A,MUC12
chr7	101326312	101491310	0.507623	3	ENSG00000233683,COL26A1
chr7	102481298	102686296	1.07617	5	UPK3BL2,SPDYE2,UPK3BL1,POLR2J2,RASA4DP,POLR2J3,ENSG00000270249,RASA4,ENSG00000267645,SPDYE2B,RASA4B,ENSG00000279168,ENSG00000205236
chr7	142525817	142795814	-0.549616	1	TRBV7-9,TRBV13,TRBV10-3,TRBV11-3,TRBV12-3,TRBV12-4,TRBV12-5,TRBV14,TRBV15,TRBV16,TRBV17,TRBV18,TRBV19,TRBV20-1,TRBV21-1,TRBV22-1,TRBV23-1,TRBV24-1,TRBV25-1,TRBVA,TRBV26,TRBVB,TRBV27,ENSG00000288882,PGBD4P1,ENSG00000286831,TRBV29-1,PRSS1,PRSS3P1,WBP1LP1,TRBD1,TRBJ1-1,TRBJ1-2,TRBJ1-3,TRBJ1-4,TRBJ1-5,TRBJ1-6,TRBC1,ENSG00000292271,TRBV28,PRSS2
chr9	39150936	39445943	-0.764024	1	RBM17P1,ENSG00000271454,RN7SL640P,SPATA31A1,ENSG00000293163,ENSG00000277024,FAM74A1,ENSG00000231140,ENSG00000290717,ENSG00000243695,ENSG00000224038,CNTNAP3,ZNF658B
chr9	39445943	39590946	0.275549	3	ENSG00000290717,SKP1P3,ZNF658B
chr9	39590946	39750950	-0.38335	1	FKBP4P2,SDR42E1P1,ATP5F1AP8,RAB28P1,RBPJP5,GLIDR
chr9	39750950	40405966	0.21677	3	ENSG00000229273,FGF7P3,RN7SL763P,SNORA70,ENSG00000232798,RPL7AP49,ENSG00000237846,CDRT15P14,ENSG00000236966,ENSG00000283211,RNU6-1269P,ENSG00000234812,SNX18P8,FAM95B1,ENSG00000224681,CNN2P2,GXYLT1P3,ENSG00000274157,ENSG00000284116,ENSG00000228136,MEP1AP1,ENSG00000290969,GLIDR,ENSG00000291287,ANKRD20A2P,ENSG00000240240,ENSG00000291181
chr9	40405966	40565970	-0.644341	1	AQP7P5,ENSG00000274067,BMS1P14,ENSG00000290546,ENSG00000184906
chr9	40565970	40610971	0.611958	3	ENSG00000289843,BMS1P14,ENSG00000290546
chr9	40705973	41973008	0.624021	3	RNU6-156P,ENSG00000276868,MIR1299,ENSG00000280077,ENSG00000279456,FOXD4L6,MIR4477A,RNA5SP530,PTGER4P2-CDK2AP2P2,CDK2AP2P1,MYO5BP1,CDRT15P6,RPL7AP45,ENSG00000277340,SNORA70,RN7SL565P,ENSG00000288225,ENSG00000278077,ENSG00000278054,ENSG00000276412,Y_RNA,ENSG00000274688,ENSG00000278001,ENSG00000275390,PGM5P2,ENSG00000225655,LINC03025,ENSG00000279561,ENSG00000276502,ENSG00000290848,ENSG00000275297,ENSG00000276963,ENSG00000291075,FRG1HP,ZNG1F,ENSG00000288891,FAM242F,CNTNAP3B
chr9	41973008	42322773	-0.64098	1	RBM17P3,ENSG00000270909,RN7SL343P,ENSG00000239986,FAM74A7,ENSG00000276277,SPATA31A6,ENSG00000275649,CNTNAP3B
chr9	42322773	42417709	0.463345	3	SDR42E1P2,ATP5F1AP1,FKBP4P6,ENSG00000275649
chr9	42417709	42732497	-0.580223	1	RAB28P3,RBPJP6,FAM88E,ENSG00000212952,FGF7P5,ENSG00000230245,FGF7P4,ENSG00000229311,ENSG00000233424,ENSG00000291170
chr9	60738432	61137979	-0.876374	1	ENSG00000293090,ENSG00000275628,FAM74A6,ENSG00000278485,SPATA31A5,ENSG00000276422,ENSG00000283541
chr9	61281966	61468808	-0.975122	1	RN7SL462P,CNTNAP3C
chr9	61518808	62678958	0.209992	3	ENSG00000277109,Y_RNA,ENSG00000204814,ENSG00000231454,RN7SL722P,FAM242E,ENSG00000276845,ENSG00000284471,RPL7AP76,ENSG00000231212,ENSG00000236450,SNORA70,RN7SL544P,FAM88C,ENSG00000226429,FGF7P6,ENSG00000224603,FGF7P7,FAM88F,CNTNAP3P5,RBPJP7,RAB28P2,ENSG00000234451,FAM242D,ENSG00000223379,ENSG00000291011,ENSG00000233651,LINC01189,FAM27C,ENSG00000235659
chr9	62798832	62933443	0.839052	4	LINC01410,ENSG00000287168,RNA5SP283,ENSG00000229422,ENSG00000293074,PTGER4P2,CDK2AP2P2,MYO5BP2,ADGRF5P1,ENSG00000293082,FGF7P8,ENSG00000288838,LERFS,FAM88B,CNTNAP3P1
chr9	62933443	63202862	-1.01653	1	ENSG00000244081,BMS1P9,ENSG00000290573,ENSG00000182021,CNTNAP3P1,AQP7P4
chr9	63252862	64135013	0.2722	3	ENSG00000228522,RPL7AP46,ENSG00000234042,CDRT15P7,ENSG00000225360,MYO5BP3,CDK2AP2P3,PTGER4P3,ENSG00000225411,RNA5SP284,DUX4L50,MIR4477B,ENSG00000288690,U6,AQP7P1,ENSG00000290559,BMS1P10,ENSG00000224267,FRG1JP,ENSG00000204790,FLJ43315,ENSG00000290549,ENSG00000288694
chr9	64554447	64783763	-0.908391	1	ENSG00000176134,BMS1P11,ENSG00000235932,IGKV1OR-2,AQP7P2,ENSG00000290586
chr9	65074755	65185093	-1.01979	1	ENSG00000290579,ENSG00000287988
chr9	65745351	65965704	-0.514294	1	IGKV1OR-3,ENSG00000237904,ENSG00000235893,ENSG00000290938,ENSG00000279955,BMS1P13,AQP7P3
chr9	65965704	67215994	0.425227	3	ENSG00000274893,ENSG00000273668,ENSG00000293304,ENSG00000278068,ENSG00000278720,ENSG00000290970,CYP4F59P,SNX18P4,ENSG00000276257,RNU6-538P,ENSG00000284611,CDRT15P12,RBPJP2,RAB28P4,ATP5F1AP10,SDR42E1P4,FKBP4P8,ENSG00000276039,FAM74A3,ENSG00000276348,ENSG00000274820,SPATA31A3,RN7SL422P,RBM17P2,GXYLT1P4,ANKRD20A3P,ENSG00000290971,ENSG00000284658,ZNF658,ENSG00000277490,ENSG00000277350,ENSG00000277575,ENSG00000286945,CNTNAP3P2
chr9	67215994	67270960	-0.372361	1	CNTNAP3P2
chr9	67275956	67435856	0.4578	3	ENSG00000276204,CNTNAP3P2
chr9	67435856	67635730	-0.62406	1	ENSG00000276898
chr9	67635730	68400545	0.318075	3	Y_RNA,FAM27E3,FAM27B,ENSG00000275493,RN7SL787P,SNORA70,ENSG00000277618,RNU6-368P,ENSG00000226904,ENSG00000279706,ENSG00000225337,FOXD4L3,LINC03025,PGM5-AS1,ENSG00000233178,ANKRD20A1,ZNG1C,PGM5
chrX	10000	49318400	-0.950753	1	ENSG00000228572,LINC00685,Metazoa_SRP,ENSG00000280767,FABP5P13,KRT18P53,ENSG00000237531,RPL14P5,MIR3690,RNA5SP498,SLC25A6,LINC00106,AKAP17A,ENSG00000289620,ENSG00000234622,DHRSX-IT1,MIR6089,LINC00102,GYG2-AS1,ARSD-AS1,RN7SL578P,ASS1P4,SNORA48B,RNU6-114P,RNU6-146P,Y_RNA,PRKX-AS1,RPS27AP20,ENSG00000286431,RPL24P9,ENSG00000236513,MTND6P12,MTCYBP12,HADHBP1,ENSG00000201660,ENSG00000252291,MIR4770,VCX3A,RPS27AP17,ENSG00000228550,MIR4767,ENSG00000279682,VCX,ENSG00000274923,MIR651,VCX2,VCX3B,DRAXINP1,ANAPC15P1,ENSG00000229012,NOLC1P1,RNA5SP499,BRK1P1,ENSG00000282306,ENSG00000282501,ENSG00000282358,ENSG00000282668,ENSG00000282299,ENSG00000282697,ENSG00000282222,ENSG00000281955,ENSG00000281941,ENSG00000282300,EIF5P1,HMGN1P33,CLDN34,RNU6-800P,HCCS,ENSG00000278218,AMELX,MIR548AX,GOT2P7,LIMK2P1,FRMPD4-AS1,RPL17P49,ENSG00000273800,RN7SKP290,PSMA6P2,TLR8-AS1,ENSG00000288817,ENSG00000289596,ENSG00000261030,GS1-600G8.3,ATXN3L,ENSG00000235592,GPX1P1,RPL30P15,MIR6086,RN7SKP20,ENSG00000289449,ENSG00000212663,UBE2E4P,NPM1P9,TPT1P14,RPL35AP37,ENSG00000288980,ENSG00000200620,ENSG00000288680,INE2,ENSG00000289237,RNU5F-7P,SETP15,RPL6P30,ENSG00000235071,RN7SL658P,MIR548AM,S100G,RNU7-56P,RPL12P49,RNU4-6P,SLC35C2P1,ENSG00000201467,CBX1P2,CBX1P4,ENSG00000238764,MIR4768,NHS-AS1,CHP1P3,FAM136GP,ENSG00000276467,MDM4P1,TMSB10P2,GJA6P,PPEF1-AS1,BLOC1S6P1,HAUS1P2,RN7SL48P,MIR23C,ENSG00000201882,ENSG00000201592,EIF1AX-AS1,RN7SKP183,RNU6-133P,RARRES2P3,ENSG00000288832,KLHL34,ENSG00000275681,CYTH1P1,CBLL2,METTL15P3,RNU6-266P,ENSG00000231011,FAM3C2P,PDCL2P1,HIKESHIP1,SAT1,ENSG00000288706,RPL9P7,ENSG00000201407,ZFX-AS1,ENSG00000289472,RPS26P58,SNRPEP9,H2BP7,ENSG00000236487,SCARNA23,ARX,PAFAH1B2P1,RN7SL91P,METTL1P1,RPP40P1,RANBP1P1,MAGEB18,ENSG00000232446,MAGEB6B,ENSG00000227511,MAGEB6,ENSG00000232644,MAGEB5,ENSG00000237171,FMN2P1,VENTXP1,ENSG00000236160,RPL7P58,HMGA1P1,RNU1-142P,AMZ2P3,PTP4A1P5,PPP4R3C,RDXP2,RDXP3,ENSG00000229731,ENSG00000226199,ENSG00000232834,ENSG00000228345,VKORC1P1,ORC1P1,DCAF8L1,MIR6134,H3P43,ENSG00000201666,ENSG00000237994,RNA5SP500,ENSG00000227393,MIR4666B,PIGFP3,ENSG00000270794,MAGEB2,MAGEB3,MAGEB4,PLCE1P1,NR0B1,CKS1BP6,FTLP2,GK-IT1,ENSG00000277876,TAB3-AS2,FTHL17,RNU6-894P,ENSG00000285900,RNA5SP501,NPM1P8,ENSG00000289215,MIR3915,MIR548F5,DMD-AS3,TBCAP1,ENSG00000215310,ENSG00000287700,FAM47A,FTH1P14,SRSF2P1,ENSG00000271136,ENSG00000273704,FAM47B,ENSG00000229347,RNU6-1087P,SIAH1P1,ENSG00000233663,ENSG00000271088,NFYCP1,ENSG00000271519,RNU6-641P,HMGB1P16,RPS15AP40,H2AL1Q,ENSG00000275314,ENSG00000235510,ENSG00000289708,ENSG00000231069,FTHL18P,ENSG00000214071,MOB1AP2,ENSG00000241607,FTH1P19,FTH1P27,FAM47DP,H2AL1MP,RNU6-49P,SC4MOP,H2AP,MIR548AJ2,ENSG00000226679,ENSG00000252050,TDGF1P1,BAG1P1,FTLP16,UBTFL11,RNU7-7P,MID1IP1,MID1IP1-AS1,RNU6-591P,MIR3937,RN7SL732P,GAPDHP1,OOEPP1,MIR1587,RPS11P7,ENSG00000289122,ENSG00000288856,IMPDH1P2,ENSG00000235685,RNU7-164P,ENSG00000287098,MPC1L,MED14OS,DPRXP6,CLDN7P1,TNIP2P1,MKRN4P,SDCBPP3,RPL32P36,RPS2P55,CLIC4P3,LINC02601,RNA5SP502,SHISA5P1,RN7SL15P,GEMIN7P1,CASK-AS1,RNU6-1321P,YWHAZP10,RN7SL144P,GPR34,RPS15AP39,ENSG00000237875,RNU6-202P,ENSG00000233103,ATP5MC2P4,RNU6-630P,ENSG00000228780,RNU6-1124P,ENSG00000283737,PPP1R2C,SMIM15P1,IMPDH1P4,NANOGP10,RBM39P1,RRM2P3,ENSG00000224054,FDPSP5,CHTF8P1,RPL19P20,RPSAP61,RN7SL291P,DUSP21,PLLPP1,KRT8P14,MFFP3,MIR221,MIR222,ENSG00000269902,LINC02595,ENSG00000212347,SRSF6P1,ENSG00000234613,MED28P4,KRT18P68,PCNAP3,ACTBP1,ENSG00000286306,CTNNBL1P1,GAPDHP65,VEZTP1,RNU6-50P,MKI67P1,PGAM1P7,YBX1P8,CHMP5P1,RNU6-1189P,ENSG00000288759,RNU12-2P,NDUFB11,ITPK1P1,INE1,NICN2P,RN7SL785P,ENSG00000203402,SNORA11C,ENSG00000232009,NPM1P49,LINC01560,NUS1P1,ENSG00000289890,TIMP1,MIR4769,UXT,SMSP1,CXXC1P1,ENSG00000229968,WASF4P,ZNF630-AS1,ENSG00000287757,ENSG00000291285,SSX6P,SPACA5B,ENSG00000230241,ENSG00000233139,RNU6-707P,SSX13P,S100A11P5,SSX5,ENSG00000234780,RNA5SP503,SSX20P,S100A11P7,ENSG00000229662,S100A11P6,SSX18P,ENSG00000237345,SSX9P,ENSG00000234391,SSX19P,ENSG00000230100,S100A11P9,ENSG00000225055,ENSG00000234448,SSX4,SSX4B,ENSG00000231489,ENSG00000235350,PORCN-DT,EBP,ENSG00000204620,ENSG00000228343,ENSG00000279528,MRPL32P1,VN1R110P,SUV39H1,RNU6-1056P,GLOD5,ENSG00000293263,ACAA2P1,RNU6-29P,ERAS,PCSK1N,PQBP1,TIMM17B,PIM2,ENSG00000279155,ENSG00000288908,RNU6-722P,PRAF2,ENSG00000288053,RNU4-52P,RN7SL262P,ENSG00000280116,ENSG00000289245,ENSG00000279422,PLP2,SYP,HSPB1P2,FOXP3,ENSG00000270012,ENSG00000286031,PLCXD1,GTPBP6,PPP2R3B,CRLF2,CSF2RA,IL3RA,ASMTL-AS1,P2RY8,ASMT,LINC02968,ENSG00000289007,CD99,GYG2,ARSD,ARSL,ARSF,RPS24P21,MXRA5,LINC03070,PNPLA4,ENSG00000287171,FAM9A,ENSG00000228543,ENSG00000232111,GPR143,WWC3-AS1,ENSG00000291314,FAM9CP1,ENSG00000282840,MSL3,PRPS2,TLR7,TLR8,FAM9C,ENSG00000289959,LINC02154,TCEANC,RAB9A,TRAPPC2,ENSG00000233535,MOSPD2,ASB9,ASB11,VEGFD,ACE2-DT,CLTRN,ENSG00000237539,CA5BP1,ZRSR2,AP1S2,GRPR,MAGEB17-AS1,MAGEB17,SYAP1,TXLNG,RBBP7,SCML1,RS1,PHKA2-AS1,PHKA2,PDHA1,EIF5P2,EIF1AX,ENSG00000283546,MBTPS2,YY2,SMS,PHEX-AS1,PTCHD1-AS,ENSG00000237019,DDX53,PTCHD1,PRDX4,SAT1-DT,CXorf58,EIF2S3,ZFX,SUPT20HL2,SUPT20HL1,PCYT1B-AS1,EEF1B2P3,ENSG00000233403,MAGEB10,MAGEB1,TASL,ENSG00000241886,GK-AS1,TAB3-AS1,TMEM47,ENSG00000225384,MAGEB16,FAM47C,XK,CYBB,DYNLT3,ENSG00000259977,H2AL3,SRPX,LINC01282,LINC01283,ENSG00000289068,ENSG00000285709,ENSG00000289570,LINC03053,LINC03099,ATP6AP2,MED14,DDX3X,NYX,GPR82,PINCR,MAOA,NDP,NDP-AS1,TATDN2P1,FUNDC1,DIPK2B,MIR222HG,KRBOX4,ZNF674-AS1,CHST7,RP2,LINC01545,RGN,UBA1,CDK16,USP11,ZNF157,ARAF,CFP,ELK1,UXT-AS1,ZNF182,ZNF630,SPACA5,ENSG00000290734,SSX1,SSX3,ENSG00000231603,ENSG00000226971,SLC38A5,FTSJ1,PORCN,ENSG00000286268,TBC1D25,RBM3,WDR13,WAS,ENSG00000232828,GATA1,HDAC6,SLC35A2,OTUD5,KCND1,GRIPAP1,TFE3,CCDC120,WDR45,GPKOW,MAGIX,PRICKLE3,SYP-AS1,CACNA1F,CCDC22,ENSG00000290184,ENSG00000286181,GAGE10,ENSG00000281849,SHOX,ASMTL,DHRSX,ZBED1,CD99P1,XG,ARSH,LINC01546,PRKX,ENSG00000285756,NLGN4X,RPS5P8,PUDP,ENSG00000285679,ANOS1,ENSG00000285896,FAM9B,TBL1X,SHROOM2,WWC3,CLCN4,ENSG00000227042,HCCS-DT,MRPL35P4,TMSB4X,LINC01203,OFD1,GPM6B,GEMIN8,FANCB,PIGA,PIR,BMX,ACE2,ENSG00000285602,CTPS2,REPS2,NHS,ENSG00000235834,LINC01456,BEND2,SCML2,CDKL5,PPEF1,ENSG00000286724,ADGRG2,MAP3K15,SH3KBP1,MAP7D2,RPS6KA3,ENSG00000283631,ENSG00000283400,CNKSR2,SMPX,PHEX,ACOT9,APOO,KLHL15,PDK3,PCYT1B,POLA1,ENSG00000228464,ENSG00000242021,DCAF8L2,ENSG00000223742,GK,TAB3,ENSG00000233928,ENSG00000233571,CFAP47,ENSG00000226484,ENSG00000290955,TFDP1P2,PRRG1,LANCL3,SYTL5,RPGR,OTC,TSPAN7,ENSG00000289127,ENSG00000224610,LINC01281,BCOR,CXorf38,ENSG00000287549,USP9X,CASK,ENSG00000231772,ENSG00000287223,ENSG00000285899,MAOB,EFHC2,ENSG00000229491,LINC01204,LINC01186,ZNF674,SLC9A7,JADE3,ZNF41,SYN1,ENSG00000283743,ZNF81,RPL7P57,STS,MID1,ARHGAP6,FRMPD4,EGFL6,GLRA2,CA5B,RAI2,BCLAF3,ENSG00000283380,ENSG00000289084,ENSG00000228933,IL1RAPL1,DMD,ENSG00000286475,ENSG00000250349,ENSG00000235806,ENSG00000287729,ENSG00000261435,KDM6A,RBM10,PPP1R3F
chrX	49318400	49603455	0.447296	3	GAGE12J,GAGE2E,GAGE12B,GAGE12C,GAGE12E,GAGE12G,GAGE12H,GAGE1,GAGE10,GAGE13,GAGE12F,GAGE2A,GAGE12D
chrX	49603455	155700886	-0.988987	1	GAGE1,VDAC1P2,SALL1P1,PAGE4,USP27X-DT,USP27X,CPSF1P2,RNU6-421P,MIR532,MIR188,MIR500A,MIR362,MIR501,MIR500B,MIR660,MIR502,PYY3,ENSG00000288783,Y_RNA,RNU6-935P,H3P44,BMP15,HMGB1P15,ENSG00000227493,ENSG00000237926,ENSG00000287767,NUDT10,EZHIP,LINC01496,CENPVL3,CENPVL2,CENPVL1,GSPT2,ENSG00000236576,RNU6-504P,ENSG00000228827,IPO7P1,UQCR10P1,TPMTP3,ENSG00000279750,SNORA11E,MAGED4,SNORA11D,ENSG00000179028,ENSG00000276474,MIR8088,XAGE2,ENSG00000225957,ENSG00000276897,ENSG00000250084,ENSG00000278358,ENSG00000278160,RBM22P6,XAGE1A,RBM22P7,XAGE1B,ENSG00000277289,ENSG00000227058,ENSG00000231593,ENSG00000228771,SSX14P,ENSG00000234792,SSX7,ENSG00000228354,RNA5SP504,S100A11P10,SSX2,ENSG00000223958,ENSG00000225397,ENSG00000229826,S100A11P8,SSX21P,SPANXN5,ENSG00000229885,XAGE5,ENSG00000196395,EIF4A2P4,XAGE3,ENSG00000286118,ENSG00000270497,ENSG00000234019,ENSG00000235224,ACTG1P10,ENSG00000227329,MIR6895,MIR6894,KDM5C-IT1,RPSAP62,ENSG00000236571,MPV17L2P1,MIR6857,HSD17B10,ENSG00000233250,TIPINP1,VTRNA3-1P,MIR98,MIRLET7F2,ENSG00000224735,ENSG00000226110,MRPL32P2,MRPS18CP7,RNA5SP505,RPL37P24,RPL7AP71,RNU6-434P,PGAM4P1,MAGED2,SNORA11,ENSG00000275387,TRO,SNORA11G,ENSG00000278283,HDGFL3P1,PAGE2B,PAGE2,ENSG00000278319,ENSG00000276929,ENSG00000186678,MTCO1P52,MTND2P24,MTND1P30,PAGE5,ENSG00000232765,ENSG00000290748,MIR4536-1,MIR4536-2,MAGEH1,USP51,ENSG00000288739,ENSG00000277516,PSMA5P1,ENSG00000229594,GOT2P6,RPL23AP83,UBQLN2,UQCRBP1,ENSG00000224799,SPIN2P1,SPIN2B,SPIN2A,ENSG00000286977,ZXDB,NLRP2B,MDH1P1,ZXDA,MYCLP2,KRT8P17,SSBL2P,MTND1P31,MTND2P25,ENSG00000277499,CBX1P1,SPIN4,SPIN4-AS1,ARHGEF9-IT1,ENSG00000288661,BTF3P8,MIR1468,ENSG00000226010,RN7SL799P,KPNA4P1,PFN5P,SHC1P1,YWHAZP7,KRT8P27,GRPEL2P2,BLOC1S2P1,ENSG00000237971,CCT4P2,MORF4L1P5,PRXL2CP1,TLE1P1,AP1M2P1,NANOGP9,ENSG00000276689,ETF1P3,CCNYL5,RBMXP5,MIR223HG,MIR223,ATXN7L3P1,EIF4BP9,MTFR1P1,ENSG00000226820,PKMP2,RNU6-394P,ENSG00000226280,ENSG00000233710,BMI1P1,ENSG00000260118,PGK1P1,RNU6-1225P,AKIRIN1P2,ENSG00000225925,ENSG00000289038,RNU6-245P,RPL31P63,COX6CP12,ACTR3P2,SERBP1P1,PJA1,HMGN1P35,CYCSP43,ENSG00000228160,5S_rRNA,U3,CNOT7P1,MIR676,ENSG00000286077,OTUD6A,MTCYBP31,MTND4P31,IGBP1-AS2,IGBP1-AS1,RN7SL581P,RNA5SP507,P2RY4,RAB41,TRAPPC2LP1,RNY4P23,GDPD2,RNU4-81P,DLG3-AS1,ENSG00000230187,ENSG00000277492,SNORD3E,WASHC3P1,RPS23P8,NUTF2P7,RNU1-56P,SOCS5P4,FOXO4,IL2RG,ZCRB1P1,RHOG2P,ENSG00000229601,PABPN1P1,INGX,SOCS6P1,CXCR3,ENSG00000283599,ENSG00000230934,LINC00891,CXorf49,ENSG00000226870,ENSG00000290713,ENSG00000237182,ENSG00000237717,CXorf49B,ENSG00000224617,ENSG00000229030,ENSG00000283178,RNU6-1078P,RPS26P11,RTL5,TPT1P15,RN7SL388P,RNU2-68P,MATR3P1,RNU1-112P,FAM236B,FAM236D,FAM236C,FAM236A,PABPC1L2B-AS1,PABPC1L2B,PABPC1L2A,ENSG00000231963,NAP1L6P,NAP1L2,TOMM20P4,LRRFIP2P1,YWHAZP8,RNU6-1044P,MORF4L1P6,MAP2K4P1,RPL7P53,SEPHS1P4,ENSG00000274655,ENSG00000291306,ENSG00000277577,ENSG00000278039,ENSG00000274430,ENSG00000276784,ENSG00000271199,RPSAP14,SHISA5P2,AARSD1P1,UHRF2P1,ENSG00000280375,DDX3P2,MKRN5P,ATP5MKP1,ENSG00000271533,MIR421,MIR374B,MIR374C,RN7SL648P,ENSG00000278421,ENSG00000273974,ENSG00000275254,ENSG00000275625,MIR545,MIR374A,ENSG00000277922,ZCCHC13,ENSG00000226515,RPS6P26,RN7SL790P,THAP12P1,RPS7P14,HNRNPA1P25,PABPC1P3,RNU6-330P,ENSG00000271589,BUD31P2,RNU6-562P,TERF1P7,RPL21P134,PCNPP4,BRAFP1,MAGEE2,SAR1AP4,FOXN3P2,ENSG00000226854,ARL5AP5,PBDC1,MMADHCP1,RNU6-867P,LDHBP2,MAGEE1,RNA5SP508,TRAPPC13P1,MIR384,MIR325,RNA5SP509,SPRYD7P1,FGF16,FABP5P15,RNU6-854P,RN7SL460P,C4orf46P2,PGAM4,HMGN1P34,UBE2V1P7,RTL3,PPATP2,RPL7P54,MIR4328,CTHRC1P1,KIF4CP,CORO1CP1,HNRNPH3P1,WBP11P3,HK2P1,PSMA1P1,ENSG00000289132,ENSG00000239008,RNU6-493P,VDAC1P1,RNU6-995P,ENSG00000231875,PDK1P2,RNU6-974P,EIF3JP1,RPL22P22,ENSG00000202183,EIF3MP1,ATG4AP1,ENSG00000279437,POMPP1,TERF1P4,MIR548I4,ENSG00000233484,SETP4,ENSG00000230781,ENSG00000276391,MIR1321,SFR1P2,ENSG00000276892,MIR361,NDUFA5P7,STIP1P3,TPMTP4,EEF1A1P29,GEMIN8P3,U6,FCF1P9,COPS8P1,ENSG00000236190,ENSG00000271457,ENSG00000200422,ENSG00000230478,ENSG00000271205,ENSG00000289575,RPL34P36,MRPS22P1,TMEM184CP1,ENSG00000252016,ENSG00000271693,ENSG00000271157,ENSG00000232576,ENSG00000270745,SRIP2,TGIF2LX,STAU2P1,USP12PX,ENSG00000274022,UBE2V1P9,RNU6-555P,ENSG00000236413,PABPC5,SERBP1P4,RNU2-26P,VDAC1P3,ENSG00000289479,EIF4A1P10,KRT18P11,SNX3P1X,RPL26P36,TUSC2P2,DLGAP5P2,ST13P18,RPL7P55,NAP1L3,USP37P1,RNU6-332P,TUBB4BP8,PAICSP7,CCNB1IP1P3,MIR548M,ENSG00000271094,CALM1P1,RNA5SP510,GTF3C6P1,HNRNPDLP3,HNRNPDLP1,RPS7P13,ENSG00000270583,KAT7P1,RN7SL379P,ENSG00000203262,RPS29P28,BRDTP1,RN7SKP194,SKP2P1,RPA4,NDUFB5P2,Metazoa_SRP,RN7SL74P,ENSG00000233887,NCKAP1P1,RPL6P29,ENSG00000271322,EEF1A1P15,HMGB1P32,TEX101P1,XRCC6P5,B3GNT2P1,ENSG00000252296,CTDSPL2P1,RPSAP8,PPIAP89,RAD21P1,ENSG00000275320,ENSG00000202231,HNRNPA1P26,HNRNPA1P27,NSA2P3,CSGALNACT2P1,YWHAQP8,RNU6-934P,NANOGNBP3,RPL21P132,TIMM8A,RPL36A,HNRNPH2,PPIAP90,PRKCIP1,ARMCX1,ARMCX7P,ENSG00000290908,ARMCX6,ARMCX3,ARMCX3-AS1,ENSG00000261101,RNU6-30P,ENSG00000286000,ARMCX2,ENSG00000223753,RNU6-587P,ENSG00000229090,GK4P,ENSG00000235196,RNU6-345P,H2BP8,C3orf49P1,MTND6P13,TCEAL6,ENSG00000286794,TCP11X3P,ENSG00000290743,ENSG00000273746,ENSG00000231590,ARMCX5,H3P45,GPRASP1,RNU6-589P,BEND7P1,GPRASP2,MTND1P32,MTND2P2,MTCO1P19,MTCO2P19,MTATP6P19,MTCO3P19,MTND4P32,MTND5P26,MTND6P32,MTCYBP32,RAB40AL,ENSG00000234050,ENSG00000286846,NUDT19P2,BEX1,RPSAP59,BEX4,TCEAL8,ENSG00000224692,TCEAL5,BEX2,TCEAL7,ENSG00000238049,TCEAL9,BEX3,ENSG00000287619,ENSG00000279894,TCEAL3-AS1,CNEP1R1P1,MORF4L2-AS1,TMEM31,RNA5SP511,H2BP9,ENSG00000276298,ELF2P1,SLC25A53P1,DPPA3P1,ENSG00000291310,H2BW1,H2BW2,H2BW3P,ZCCHC18,PHB1P10,RPL18AP14,TEX13A,KCTD9P2,RNU6-207P,CTDSPL2P2,CSGALNACT2P2,NAP1L4P2,SERPINA7P1,ENSG00000277673,MIR548AN,RIPPLY1,EEF1A1P40,GTF3C6P2,MYCLP1,DNAJA1P3,KRT18P49,ENSG00000289923,TMEM230P1,NLRP3P1,TEX13B,ENSG00000189372,IRS4-AS1,RNU6-309P,ENSG00000275110,GAPDHP77,MFN1P1,KCNE5,ENSG00000237319,ENSG00000289365,RPS5P7,MIR652,MIR3978,SNORD96B,AMMECR1-IT1,TDGF1P3,M6PRP1,FCF1P4,RNU6-496P,HMGB1P12,SERTM2,ENSG00000229939,EIF4BP7,RPL18AP15,RNA5SP512,ALG13-AS1,ENSG00000271421,DPRXP7,CCDC121P1,HMGB3P30,MIR4329,RN7SL266P,RNU6-1015P,ENSG00000235329,PPIHP2,QTRT1P1,RNU1-57P,RN7SL93P,SNORD30,ENSG00000230502,TNPO3P1,SSU72P1,SNORA35,MIR764,MIR1912,MIR1264,MIR1298,MIR1911,HSPA8P7,MIR448,ENSG00000270413,RNU6-648P,ENSG00000238223,YAP1P2,SNORA35B,RBMXL3,RPL36P18,ENSG00000271021,ENSG00000252441,PHF5AP4,ASS1P5,SUMO2P21,RN7SL712P,AKR1B1P8,API5P1,AGTR2,RNU6-154P,CT83,SLC6A14P2,ENSG00000230159,PRPF4BP1,RNU6-1323P,SETP8,ENSG00000238066,TCERG1P1,ENSG00000279587,TUBB4BP3,RPL12P43,ENSG00000270619,MIR1277,RBBP8P1,ENSG00000239182,TMEM30BP1,ZCCHC12,AKR7A2P2,COBLP1,CT47C1,ARL5AP1,HNRNPA1P28,NUDT19P6,AKAP17BP,MRPS17P9,RNU1-67P,RN7SL118P,RNY3P16,SLC25A5-AS1,SLC25A5,ENSG00000289864,MIR766,ENSG00000279601,SOWAHD,RPL39,SNORA69,ENSG00000290162,ENSG00000290163,ENSG00000290164,ENSG00000290165,RNF113A,NDUFA1,RHOXF1P2,RHOXF1P1,RHOXF2B,SFR1P1,EEF1A1P30,ZBTB33,ENSG00000232042,RNU7-37P,C1GALT1C1,H3P46,GLRX5P1,PA2G4P1,CT47B1,ENSG00000271346,ENSG00000278646,ENSG00000270678,CT47A11,ENSG00000270493,CT47A10,ENSG00000271154,ENSG00000271041,CT47A8,ENSG00000270397,CT47A7,ENSG00000271502,CT47A6,ENSG00000271211,ENSG00000270736,CT47A4,ENSG00000270771,CT47A3,ENSG00000270646,ENSG00000270456,CT47A1,ENSG00000270251,CBLL1P1,GLUD2,HSPA8P1,MIR3672,ENSG00000260585,UBE2V1P16,ENSG00000280142,RPL3P12,MRRFP1,H3P47,ENSG00000229733,TUBB4AP1,FERP1,MEMO1P4,RNU7-69P,CHCHD2P1,RN7SL190P,XIAP-AS1,RNU6-122P,PARD6BP1,STAG2-AS1,ENSG00000252693,HSPA8P20,NPM1P34,ENSG00000226532,RPS26P57,ENSG00000232599,FBLIM1P1,ENSG00000280223,ENSG00000237208,DCAF12L2,MTCO1P53,MTND4LP1,MTND4P24,ENSG00000274901,MTCYBP38,PRR32,PNPLA10P,ENSG00000280275,ENSG00000274631,ENSG00000260683,ENSG00000224548,ACTRT1,ENSG00000236042,ACTRT1P1,RPL7AP72,RUVBL2P1,KRT18P44,RPL32P35,TJAP1P1,RPS26P56,RNA5SP513,ENSG00000252170,ENSG00000287024,ENSG00000240143,ENSG00000286650,RAB33A,RNU6-1130P,ENSG00000225046,RBMX2,ENSG00000293183,DENND10P1,ENSG00000271677,RN7SL191P,OR11Q1P,ENSG00000276205,OR11N1P,OR5AW1P,OR5BH1P,OR1AA1P,ENSG00000230973,NLRP7P1,OR13H1,OR2AF1P,HDGFP1,MCRIP2P1,PNKDP1,ENSG00000235190,RNA5SP514,AGKP2,RNU6-98P,HS6ST2-AS1,NAA20P1,ENSG00000225949,RNU1-115P,RNU6-203P,RPS24P19,RPSAP63,GPC3-AS1,ENSG00000232068,TIMM8BP2,ENSG00000283638,MIR363,MIR92A2,MIR19B2,MIR20B,MIR18B,MIR106A,LARP1BP3,CCDC160,NT5DC1P2,RPL36AP54,MIR450B,MIR450A1,MIR450A2,MIR542,MIR503,MIR424,LINC00629,ENSG00000235813,RPL21P133,RPS7P12,RNU4-44P,RNU6-616P,LINC02243,HMGB3P31,SMIM10,RTL8C,ENSG00000286964,RTL8A,NCLP2,SMIM10L2B,ETDB,ENSG00000223809,ENSG00000228922,ENSG00000269833,ETDA,ENSG00000274024,ETDC,ENSG00000284994,ENSG00000229015,SMIM10L2A,RNA5SP515,CROCCP1,WDR4P1,INTS6L-AS1,ETS2P1,SAGE3P,ENSG00000274601,CT45A1,MGAT2P1,MGAT2P2,CT45A3,CT45A5,CT45A6,CT45A2,CT45A7,CT45A8,CT45A9,CT45A11P,GAPDHP67,E2F6P4,ENSG00000239080,BRS3,MIR934,RNU6-320P,LINC00892,RNU6-972P,ENSG00000271339,RPL7P56,RANP4,ENSG00000232611,RAB28P5,SNORD61,RPL22P23,SRRM1P3,GPR101,ENSG00000214748,RAC1P4,RN7SL325P,ZFYVE9P1,RNU6-985P,RN7SKP31,MAGEA13P,KRT8P6,H2AQ1P,ENSG00000232183,MIR504,FGF13-AS1,TPM2P1,SRD5A1P1,ENSG00000238485,RNU6ATAC23P,ENSG00000252719,MIR505,CXorf66,HNRNPA3P3,RN7SL727P,HAPSTR2,ENSG00000231110,EEDP1,U7,RPS17P17,SOX3,CDR1,MIR320D2,SPANXB1,RNU6-3P,RPL36AP52,SPANXC,NDUFB3P5,SPANXA1,ENSG00000223438,SPANXD,MAGEC1,ENSG00000236205,ENSG00000225469,ENSG00000250625,MAGEC2,ENSG00000275508,RNA5SP516,RN7SKP81,RN7SKP149,PGBD4P6,MTND1P33,MTND2P39,SPANXN3,SLITRK4,HNRNPH1P2,ENSG00000235729,ENSG00000224630,RRM2P4,HNRNPCP10,RN7SKP189,CYCSP44,ENSG00000234712,SPANXN1,TRMT1P1,UFM1P1,ENSG00000279585,SLITRK2,MIR892C,MIR890,MIR888,MIR892A,MIR892B,MIR891B,MIR891A,RNA5SP517,ENSG00000234748,CXorf51B,CXorf51A,ENSG00000225660,MIR513C,MIR513B,MIR513A1,MIR513A2,MIR506,MIR507,MIR508,MIR514B,MIR509-2,MIR509-3,MIR509-1,MIR510,MIR514A1,ENSG00000287017,MIR514A2,MIR514A3,ENSG00000274579,ENSG00000228855,SLIRPP1,ENSG00000271175,RNU6-382P,ENSG00000227083,FMR1-AS1,ENSG00000274086,RNA5SP524,FTH1P8,HAX1P1,RPL7L1P11,ENSG00000237741,AFF2-IT1,RN7SKP267,ENSG00000293395,ENSG00000242186,ENSG00000287585,IDSP1,EOLA1,HSFX3,HSFX2,ENSG00000229322,ENSG00000228833,ENSG00000223377,ENSG00000231694,TMEM185AP1,HSFX1,MAGEA7P,DUTP4,MAGEA8,ENSG00000183171,MIR2114,XRCC6P2,PPIAP91,LINC02927,RNU6-383P,HMGB3,RPL19P21,RPL12P50,RNA5SP525,MIR4330,GPR50-AS1,GPR50,ENSG00000269993,NAB1P1,ENSG00000270052,ENSG00000214915,FATE1,CNGA2,MAGEA4,MIR224,MIR452,RPSAP60,MAGEA5P,ENSG00000290892,MAGEA10,RNU6-764P,MIR105-1,MIR767,MIR105-2,KRT8P8,ENSG00000269475,CSAG2,MAGEA12,CSAG4,ENSG00000231447,MAGEA2,CSAG3,MAGEA6,ENSG00000286939,ENSG00000234200,HMGN2P48,PNMA6A,PNMA6B,MAGEA1,ENSG00000235219,ENSG00000273877,ENSG00000231600,ENSG00000232249,PNMA6E,RN7SL667P,ENSG00000293443,KRT18P48,MRFAP1P1,RPL18AP16,RN7SL687P,SLC6A8,PLXNB3,IDH3G,CYCSP45,L1CAM-AS1,AVPR2,NAA10,HCFC1-AS1,MIR3202-1,MIR3202-2,IRAK1,MIR718,OPN1MW3,ENSG00000231830,ENSG00000285018,EMD,ENSG00000280195,SNORA70,ATP6AP1-DT,GDI1,FAM50A,MIR6858,LAGE3,SLC10A3,RN7SL697P,FAM3A,FAM223A,ATF4P2,CTAG1A,ENSG00000232155,CTAG1B,ENSG00000273773,ATF4P1,FAM223B,IKBKGP1,CTAG2,ENSG00000226141,OR3B1P,SNORA36A,MIR664B,SNORA56,HMGN1P37,H2AB1,F8A1,MIR1184-1,ENSG00000224069,ZNF622P1,ENSG00000288258,CMC4,CD84P1,RAB39B,TWF1P2,PHF10P1,SRD5A2P1,TMLHEP1,ENSG00000290643,H2AB2,F8A2,MIR1184-2,F8A3,MIR1184-3,H2AB3,PAGE1,ENSG00000230926,ENSG00000226530,NUDT11,MAGED1,ENSG00000182776,MAGED4B,ENSG00000287215,SSX11P,ENSG00000290686,SSX8P,SSX15P,SSX2B,FAM156B,GPR173,KANTR,IQSEC2,SMC1A,RIBC1,TSR2,FGD1,GNL3L,PFKFB1,APEX2,ALAS2,FAM104B,PAGE3,FOXR2,ENSG00000169164,ENSG00000290520,RRAGB,KLF8,ENSG00000226310,PPP1R11P2,MTHFD1P1,ZFRP1,HNRNPDP1,AMER1,ENSG00000293387,LAS1L,FRMD8P1,VSIG4,EDA2R,YIPF6,EFNB1,NALF2,AWAT2,IGBP1,DGAT2L6,AWAT1,ARR3,PDZD11,ENSG00000284391,DLG3,SLC7A3,SNX12,CXorf65,ENSG00000285171,MED12,ENSG00000228427,GJB1,ZMYM3,NONO,GCNA,ENSG00000291017,ENSG00000237265,ENSG00000290714,ENSG00000234442,RPS4X,CITED1,PHKA1-AS1,CAPZA1P3,DMRTC1B,FAM226B,CDX4,XIST,FXYD6P3,DDX3P1,RAB11FIP1P1,RLIM,TTC3P1,ENSG00000274398,COX7B,ENSG00000293258,TAF9B,FNDC3CP,CYSLTR1,LPAR4,P2RY10,P2RY10BP,ITM2A,TBX22,CHMP1B2P,ENSG00000224523,ENSG00000288059,POU3F4,ENSG00000283446,ENSG00000235461,ZNF711,RPSAP15,ENSG00000282914,CAPZA1P1,CPXCR1,ENSG00000225012,RNF19BPX,ENSG00000206062,PABPC5-AS1,AP2B1P1,NT5DC1P1,FAM133A,KPNB1P1,TNMD,TSPAN6,SYTL4,CSTF2,NOX1,ARL13A,TRMT2B,TMEM35A,CENPI,DRP2,TAF7L,BTK,RPL36A-HNRNPH2,GLA,ZMAT1,TCEAL2,BEX5,TCP11X1,NXF2,TCP11X2,TMSB15A,FOXN3P1,NXF4,ENSG00000286327,ARMCX5-GPRASP2,GPRASP3,LINC00630,NXF3,ENSG00000226241,ENSG00000234405,RAB40A,TCEAL4,TCEAL3,TCEAL1,ENSG00000293448,GLRA4,PLP1,RAB9B,TMSB15B-AS1,SLC25A53,FAM199X,ESX1,RADX,RNF128,CLDN2,NUP62CL,FRMPD3-AS1,PRPS1,NCBP2L,VSIG1,PSMD10,IRS4,NXT2,ENSG00000289870,GLUD1P9,CAPN6,TRPC5OS,LHFPL1,AMOT,ENSG00000286767,ENSG00000288595,RPL36AP53,ENSG00000289287,IL13RA2,LUZP4,TUBAP6,PLS3-AS1,EEF1GP5,SLC6A14,SLC6A14P1,PGRMC1,LINC03098,ENSG00000226661,ENSG00000237903,STEEP1,NKRF,UPF3B,AKAP14,RHOXF1P3,RHOXF2,NKAPP1,TMEM255A,ATP1B4,MCTS1,CT47A12,CT47A9,CT47A5,ENSG00000287379,TPT1P13,ENSG00000287776,ZIK1P1,TEX13C,DCAF12L1,ENSG00000235274,BTG3P1,OCRL,APLN,SASH3,ZDHHC9,SALL4P2,UTP14A,ELF4,ZNF280C,SLC25A14,GPR119,FSIP2LP,ENSG00000290740,ENSG00000287160,SPRING1P2,LINC01201,ENSG00000287806,OR13K1P,STK26,RAP2C,ENSG00000207100,TFDP3,PHF6,MIR503HG,PABIR2,PABIR3,MOSPD1,RTL8B,SMIM10L2B-AS1,CT55,ENSG00000236491,ZNF449,ENSG00000273988,SAGE4P,SAGE2P,CT45A10,SAGE1,MMGT1,SLC9A6,MAP7D3,STK24P1,HTATSF1,VGLL1,CD40LG,RBMX,LINC02931,ZIC3,SNURFL,F9,ENSG00000233145,ENSG00000230668,ENSG00000229269,RBMX2P2,SPANXA2,MAGEC3,SPANXN4,SPANXN2,UBE2NL,ELL2P4,ANKRD11P2,ENSG00000271660,ENSG00000287796,FMR1,FMR1-IT1,FMR1NB,IDS,ENSG00000241489,ENSG00000238039,EOLA1-DT,MAGEA9B,TMEM185A,MAGEA11,MAGEA9,LINC00850,MAGEA8-AS1,EOLA2,HSFX4,VMA21,PRRG3,GABRE,ENSG00000266560,MAGEA3-DT,GABRQ,MAGEA2B,CSAG1,MAGEA6-DT,NSDHL,PNMA5,PNMA3,ENSG00000224931,PWWP4,PNMA6F,ZFP92,TREX2,BGN,ATP2B3,CCNQ,ENSG00000293160,DUSP9,PNCK,BCAP31,ABCD1,SRPK3,SSR4,PDZD4,ARHGAP4,RENBP,HCFC1,TMEM187,MECP2,OPN1LW,TEX28P2,OPN1MW,TEX28P1,OPN1MW2,TEX28P3,TKTL1,FLNA,TAFAZZIN,ATP6AP1,PLXNA3,UBL4A,IKBKG,GAB3,DKC1,SMIM9,EEF1A1P31,MTCP1,BRCC3,ENSG00000235991,VBP1,ENSG00000224216,ENSG00000225393,CLCN5,AKAP4,DGKK,SHROOM4,LINC01284,FAM156A,TSPYL2,KDM5C,HUWE1,PHF8,FAM120C,WNK3,ITIH6,ENSG00000227486,NBDY,SPIN3,FAAH2,LINC01278,ARHGEF9,ENSG00000287370,ASB12,MTMR8,ZC3H12B,MSN,ENSG00000237311,HEPH,AR,STARD8,EDA,KIF4A,TEX11,NLGN3,TAF1,OGT,NHSL2,PIN4,ERCC6L,PHKA1,DMRTC1,CHIC1,TSIX,FTX,JPX,BMP2KL,NEXMIF,ABCB7,UPRT,MIR325HG,MAGT1,ATP7A,PGK1,GPR174,TENT5D,ENSG00000284618,HMGN5,SH3BGRL,RPS6KA6,HDX,APOOL,SATL1,POF1B,DACH2,KLHL4,ENSG00000286523,PCDH19,XKRX,TRMT2B-AS1,ARMCX4,NXF5,NXF2B,ENSG00000284800,ENSG00000270050,ENSG00000239407,ENSG00000281091,MORF4L2,TMSB15B,TMSB15C,SERPINA7,PWWP3B,TBC1D8B,RBM41,DNAAF6,FRMPD3,TSC22D3,MID2,ENSG00000236064,ATG4A,COL4A6,COL4A5,GUCY2F,ACSL4,AMMECR1,GNG5B,RTL9,ENSG00000287685,CHRDL1,DCX,ALG13,TRPC5,ENSG00000286072,XACT,HTR2C,LRCH2,PLS3,DANT2,DANT1,KLHL13,WDR44,DOCK11,IL13RA1,LINC01285,LONRF3,KIAA1210,SLC25A43,SEPTIN6,ENSG00000286366,NKAP,RHOXF1-AS1,RHOXF1,LAMP2,CT47A2,ENSG00000286163,GRIA3,XIAP,STAG2,SH2D1A,TEX13D,SMARCA1,XPNPEP2,ENSG00000235189,AIFM1,ENOX2,IGSF1,ENSG00000286060,OR7L1P,FIRRE,RAP2C-AS1,MBNL3,HS6ST2,USP26,GPC4,GPC3,HPRT1,PLAC1,ENSG00000232582,ENSG00000290806,INTS6L,FHL1,ARHGEF6,ENSG00000291054,TM9SF5P,ENSG00000283692,FGF13,MCF2,ATP11C,LINC00632,LDOC1,ENSG00000227303,ENSG00000225970,ENSG00000289591,ENSG00000284377,MAMLD1,MTM1,MTMR1,CD99L2,ENSG00000287918,PASD1,MAGEA4-AS1,ENSG00000231937,GABRA3,MAGEA3,CETN2,ZNF185,ZNF275,HAUS7,ECMXP,PLXNB3-AS1,L1CAM,ENSG00000284987,TEX28,RPL10,DNASE1L1,G6PD,MPP1,F8,FUNDC2,CLIC2,TMLHE-AS1,TMLHE,SPRY3,ENSG00000229151,ENSG00000224556,ENSG00000230105,ZC4H2,OPHN1,LINC00269,ITGB1BP2,ENSG00000285547,HDAC8,SLC16A2,ATRX,BRWD3,UBE2DNL,ENSG00000229547,CHM,DIAPH2,DIAPH2-AS1,LINC03077,ENSG00000288597,IL1RAPL2,NRK,MORC4,TMEM164,PAK3,RTL4,UBE2A,CUL4B,THOC2,TENM1,ENSG00000225689,BCORL1,ARHGAP36,FRMD7,ZNF75D,ADGRG4,SPANXA2-OT1,ENSG00000286085,AFF2,EOLA2-DT,CCNB3,ZDHHC15,CYLC1,PCDH11X,SRPX2,ENSG00000288098
chrY	2781479	20057816	0.177936	1	RNU6-1334P,SRY,RNASEH2CP1,TOMM22P2,NAP1L1P2,ENSG00000278847,EEF1A1P41,AGPAT5P1,PRRC2CP1,TGIF2LY,USP12PY,RNF19BPY,ENSG00000218410,RNU6-303P,SERBP1P2,RNU2-57P,VDAC1P6,EIF4A1P2,KRT18P10,SNX3P1Y,RPL26P37,TUSC2P1,DLGAP5P1,TTTY23B,TSPY2,FAM197Y9,TSPY11P,ENSG00000275352,TSPY19P,LINC00280,TTTY21B,ENSG00000235895,SRIP3,ENSG00000274365,GOT2P5,ATP5PFP1,ENSG00000273906,GPR143YP,ENSG00000289826,RN7SKP282,Y_RNA,RNU6-941P,RNU6-521P,ENSG00000275280,RBMY2HP,ENSG00000223422,TSPY12P,ENSG00000236690,TTTY12,ENSG00000278854,ZNF92P1Y,ENSG00000273863,BPY2DP,ZNF736P7Y,ZNF736P9Y,TSPY24P,ZNF736P6Y,MTND6P1,MTCYBP1,MTND1P1,MTND2P3,TRIM60P3Y,ZNF736P10Y,ENSG00000275866,TTTY19,TTTY11,ENSG00000228207,ENSG00000273731,ENSG00000230025,OFD1P3Y,CDY3P,USP9YP22,ELOCP4,ENSG00000275310,TTTY20,TSPY8,ENSG00000286120,TSPY7P,FAM197Y6,ENSG00000286173,TSPY3,FAM197Y5,TSPY1,FAM197Y4,TSPY9,FAM197Y3,TSPY6P,FAM197Y2,TSPY10,FAM197Y1,TSPY15P,TSPY25P,TSPY16P,TTTY8,TTTY7B,TTTY21,RBMY2NP,ENSG00000274445,TSPY18P,TSPY13P,TTTY23,RBMY2OP,TSPY20P,ENSG00000290378,TSPY5P,ENSG00000278478,RNA5SP518,RNA5SP519,DUX4L31,PCMTD1P1,ENSG00000225840,RNA5-8SP6,CDRT15P10,ENSG00000271365,ENSG00000271309,ENSG00000270570,ENSG00000274231,ANKRD20A6P,SNX18P1Y,DUX4L16,DUX4L17,DUX4L18,DUX4L19,PABPC1P5,ACTR3BP1,CHEK2P1,MTND1P12,ENSG00000224567,ENSG00000271375,RCC2P1,ASS1P6,RPS24P1,RN7SL702P,FAM8A4P,ARSLP1,ENSG00000290435,SHROOM2P1,ENSG00000286009,CDY4P,ENSG00000290852,DPPA2P1,PSMA6P1,TMSB4Y,VCY,VCY1B,PNPLA4P1,ENSG00000289706,ENSG00000223517,AGKP1,MED13P1,CYCSP46,ENSG00000252689,RNU6-109P,RNU6-184P,SURF6P1,ELOCP35,ENSG00000283076,TUBB1P2,RNA5SP520,RNA5SP521,ENSG00000273966,CLUHP1,ENSG00000275578,CDY5P,ELOCP36,ACTG1P2,XKRY,USP9YP23,USP9YP27,RNU1-128P,TRAPPC2P3,OFD1P1Y,ELOCP6,CDY2B,CDY6P,USP9YP7,USP9YP6,CDY7P,USP9YP32,CDY2A,ELOCP12,TRAPPC2P8,USP9YP15,RNU1-95P,USP9YP16,XKRYP7,ACTG1P11,ELOCP26,CDY9P,TAF9P2,ENSG00000278391,RNA5SP522,RNA5SP523,TUBB1P1,ENSG00000282909,ELOCP13,RNU1-48P,USP9YP5,XKRYP1,PRYP5,ELOCP7,USP9YP1,GPM6BP1,TTTY9B,RAB9AP4,TRAPPC2P7,TTTY9A,GPM6BP2,USP9YP2,ELOCP14,PRYP6,XKRYP2,USP9YP10,USP9YP28,RNU1-41P,MTCYBP2,ZNF839P1,CD24P4,RNU6-255P,ENSG00000274282,GAPDHP19,ENSG00000267793,ENSG00000274837,RCC2P2,ENSG00000286130,ZFY,ZFY-AS1,UBE2V1P3,ENSG00000277930,ENSG00000235094,RBMY2GP,TTTY1B,TTTY7,TTTY8B,TSPY17P,AMELY,ZNF736P8Y,ENSG00000293305,RBMY2JP,RBMY2KP,TTTY18,USP9YP4,RBMY1A3P,TSPY4,FAM197Y8,FAM197Y7,ENSG00000290332,RBMY3AP,ENSG00000232617,TTTY2,TTTY1,ENSG00000228379,RBMY2QP,CDC27P2,ENSG00000273858,ENSG00000291032,ENSG00000278212,SLC9B1P1,MXRA5Y,ARSFP1,ARSDP1,GYG2P1,MED14P1,DDX3Y,CASKP1,SFPQP1,TAB3P1,NLGN4Y-AS1,PUDPP1,STSP1,ENSG00000286201,FAM41AY1,TAF9P1,PRYP1,USP9YP34,CDY8P,PRYP2,CLUHP2,FAM41AY2,OFD1P4Y,ENSG00000251510,HSFY1,OFD1P6Y,OFD1P7Y,BCORP1,TXLNGY,ENSG00000260197,KDM5D,ENSG00000288049,ZNF886P,XGY2,RPS4Y1,HSFY3P,ENSG00000290841,ENSG00000286050,ENSG00000229308,TTTY2B,TBL1Y,ENSG00000290323,RFTN1P1,LINC00279,ENSG00000173357,ENSG00000290342,TTTY22,ENSG00000290344,ENSG00000291034,XGY1,UTY,ENSG00000290853,ANOS2P,ENSG00000224518,FAM224B,OFD1P2Y,FAM224A,USP9YP14,OFD1P5Y,HSFY2,LINC00278,PCDH11Y,PRKY,USP9Y,NLGN4Y,TTTY14
chrY	20192795	21554323	0.0672937	1	ZNF885P,KDM5DP1,HSFY4P,ENSG00000216844,GAPDHP17,TMEM167AP1,ENSG00000254488,TOMM22P1,NEFLP1,PRORY,ENSG00000236615,RBMY2TP,TSPY14P,ENSG00000242393,ENSG00000228257,TTTY10,ENSG00000286247,TBL1YP1,RPS4Y2,ENSG00000226918,RBMY2EP,ENSG00000290954,ENSG00000288057,RBMY1B,RBMY1A1,EIF1AY,ENSG00000289707,RBMY1HP
chrY	21554323	21714512	0.00318934	1	ELOCP5,CDY10P,USP9YP3,USP9YP8,CDY11P,TTTY13
chrY	21805281	56887902	0.327869	1	OFD1P16Y,ENSG00000251618,ENSG00000227444,RBMY2AP,ENSG00000237968,HSFY5P,CDY12P,ELOCP15,TTTY6B,RBMY1F,RBMY1KP,TSPY22P,TSPY21P,TTTY6,ELOCP8,CDY13P,USP9YP24,HSFY7P,ENSG00000273589,RBMY2BP,ENSG00000290348,ENSG00000224917,RBMY2WP,TTTY17A,ENSG00000276829,ZNF736P11Y,ENSG00000244000,TRIM60P8Y,ZNF736P3Y,TRIM60P9Y,SNORA70,ENSG00000286744,REREP1Y,ENSG00000230073,ENSG00000236647,USP9YP18,ELOCP16,USP9YP25,RNU1-97P,RAB9AP1,TRAPPC2P9,ELOCP9,CDY15P,XKRYP4,USP9YP12,RNU1-86P,RAB9AP5,ELOCP10,CDY1B,CDY17P,USP9YP35,CDY18P,GOLGA6L11P,CSPG4P2Y,CSPG4P3Y,GOLGA2P2Y,RN7SL818P,UBE2Q2P4Y,LINC00265-2P,SEPTIN14P22,ENSG00000279274,RBMY2XP,TTTY17B,TRIM60P5Y,ZNF736P12Y,ENSG00000240566,TRIM60P10Y,ZNF736P2Y,TRIM60P11Y,ENSG00000278602,ENSG00000278197,ZNF736P5Y,ZNF736P4Y,ENSG00000274899,RBMY2YP,ENSG00000279115,CICP1,LINC00265-3P,UBE2Q2P5Y,GOLGA2P3Y,RN7SL725P,ENSG00000284380,CSPG4P4Y,CSPG4P1Y,DNM1P48,ENSG00000233619,GOLGA6L16P,CDY19P,USP9YP36,CDY20P,ELOCP34,TRAPPC2P5,RAB9AP2,USP9YP30,RNU1-107P,TTTY3,USP9YP9,USP9YP19,XKRYP5,CDY22P,ELOCP17,TRAPPC2P4,RAB9AP3,USP9YP20,RNU1-40P,ELOCP11,CDY23P,USP9YP26,HSFY8P,ENSG00000293280,REREP2Y,ENSG00000289705,ENSG00000225876,RNU6-1314P,CYCSP48,ENSG00000277146,CYCSP49,CCNQP2,CTBP2P1,ENSG00000286187,ENSG00000229725,RBMY1E,OFD1P8Y,USP9YP17,PRY2,ENSG00000236951,TSPY23P,RBMY2UP,TTTY5,RBMY2FP,TTTY25P,ENSG00000235059,PRY,OFD1P9Y,BPY2,DAZ1,DAZ2,PPP1R12BP2,RBMY2CP,ENSG00000293249,HSFY6P,CDY14P,PRYP3,USP9YP29,OFD1P11Y,USP9YP13,USP9YP11,TTTY3B,TRAPPC2P10,USP9YP31,ENSG00000235981,DNM1P24,ENSG00000230977,ENSG00000284071,CICP2,TTTY4B,BPY2B,ZNF736P1Y,TTTY4C,TTTY17C,SEPTIN14P23,ENSG00000235583,USP9YP33,CDY1,OFD1P18Y,USP9YP21,PRYP4,RBMY2DP,ANKRD36P1,TPTE2P4,SLC25A15P1,RBMY1D,RBMY1J,TTTY4,OFD1P10Y,XKRYP3,OFD1P12Y,DAZ3,DAZ4,BPY2C,OFD1P13Y,XKRYP6,OFD1P15Y,PPP1R12BP1,PARP4P1
