chr1	78585525
chr1	78585525
chr1	78585525
chr1	78585525
chr1	78585525
chr1	78585535
chr1	78585539
chr10	65446074
chr11	70318925
chr2	101444315
chr2	101446956
chr2	101447579
chr2	101448280
chr2	101451497
chr2	101453079
chr2	101453111
chr2	101453142
chr2	101455252
chr2	101455417
chr2	101456161
chr2	101456307
chr2	101456506
chr2	101458877
chr2	101463357
chr2	101463734
chr2	101463734
chr2	101464686
chr2	101464686
chr2	101467226
chr2	101469054
chr2	101469054
chr2	101471967
chr2	101474345
chr2	173977462
chr2	173977462
chr4	145019764
chr9	37751006
chr9	37751006
chrX	156007808
